{"maliktheatar1738":{"1":{"CSCI 160":{"assignments":{"Project":[],"Exam":[],"Homework":[]},"weights":{"Project":20,"Exam":40,"Homework":40},"historyPercent":[],"credits":3},"ECON 202":{"assignments":{"Project":[],"Exam":[],"Homework":[]},"weights":{"Project":20,"Exam":40,"Homework":40},"historyPercent":[],"credits":3},"HYPER 100":{"assignments":{"Project":[],"Exam":[],"Homework":[]},"weights":{"Project":20,"Exam":40,"Homework":40},"historyPercent":[],"credits":2},"HPER 101":{"assignments":{"Project":[],"Exam":[],"Homework":[]},"weights":{"Project":20,"Exam":40,"Homework":40},"historyPercent":[],"credits":1},"MATH 105":{"assignments":{"Project":[],"Exam":[],"Homework":[]},"weights":{"Project":20,"Exam":40,"Homework":40},"historyPercent":[],"credits":2},"MATH 165":{"assignments":{"Project":[],"Exam":[],"Homework":[]},"weights":{"Project":20,"Exam":40,"Homework":40},"historyPercent":[],"credits":4}},"2":{},"3":{},"4":{}},"malik.pudu.jones0415":{"1":{},"2":{},"3":{},"4":{}},"malik.g.jones0415":{"1":{},"2":{},"3":{},"4":{}}}